INDEX,Year,Song Title,Cluster
0,2002.0,Foolish,1
1,2002.0,U Don't Have To Call,1
2,2002.0,halfcrazy,1
3,2002.0,Hot In Herre,1
4,2002.0,Anything,1
5,2002.0,Dilemma,1
6,2002.0,Always On Time,2
7,2002.0,"Lights, Camera, Action!",0
8,2002.0,Nothin',0
9,2002.0,I Love You,2
10,2002.0,Butterflies,2
11,2002.0,Addictive,1
12,2002.0,Oops ,1
13,2002.0,What's Luv?,2
14,2002.0,U Got It Bad,1
15,2002.0,Pass The Courvoisier Part II,0
16,2002.0,I Need A Girl ,2
17,2002.0,Still Fly,1
18,2002.0,Nothing In This World,2
19,2002.0,Someone To Love You,1
20,2002.0,I Care 4 U,1
21,2002.0,Luv U Better,2
22,2002.0,Rock The Boat,1
23,2002.0,A Woman's Worth,1
24,2002.0,Gangsta Lovin',1
25,2002.0,Don't You Forget It,1
26,2002.0,Gimme The Light,1
27,2002.0,Just A Friend 2002,1
28,2002.0,Baby,2
29,2002.0,More Than A Woman,1
30,2002.0,Ain't It Funny,2
31,2002.0,Rainy Dayz,2
32,2002.0,Stingy,2
33,2002.0,Makin' Good Love,2
34,2002.0,We Thuggin',0
35,2002.0,Happy,2
36,2002.0,Work It,1
37,2002.0,Good Times,0
38,2002.0,Why Don't We Fall In Love,2
39,2002.0,dontchange,2
40,2002.0,Call Me,1
41,2002.0,Grindin',0
42,2002.0,You Know That I Love You,2
43,2002.0,Welcome To Atlanta,1
44,2002.0,What About Us?,1
45,2002.0,Roll Out ,0
46,2002.0,The Whole World,2
47,2002.0,Bouncin' Back ,1
48,2002.0,Take Away,2
49,2002.0,Differences,2
50,2002.0,Down A** Chick,1
51,2002.0,Gots Ta Be,1
52,2002.0,Hey Ma,1
53,2002.0,Two Wrongs,2
54,2002.0,Roc The Mic,0
55,2002.0,Saturday ,0
56,2002.0,Lifetime,1
57,2002.0,Break Ya Neck,0
58,2002.0,Family Affair,1
59,2002.0,Po' Folks,1
60,2002.0,What If A Woman,1
61,2002.0,Trade It All,1
62,2002.0,Love Of My Life ,2
63,2002.0,No More Drama,1
64,2002.0,Full Moon,1
65,2002.0,Brotha,2
66,2002.0,When The Last Time,1
67,2002.0,This Woman's Work,1
68,2002.0,Young'n ,1
69,2002.0,One Mic,0
70,2002.0,Gone,1
71,2002.0,Burnin' Up,1
72,2002.0,Cleanin' Out My Closet,0
73,2002.0,Uh Huh,1
74,2002.0,Without Me,1
75,2002.0,You Gets No Love,2
76,2002.0,Wish I Didn't Miss You,2
77,2002.0,Say I Yi Yi,0
78,2002.0,Let's Stay Home Tonight,1
79,2002.0,Round And Round,1
80,2002.0,Awnaw,1
81,2002.0,Hey Luv ,1
82,2002.0,I'd Rather,1
83,2002.0,Caramel,1
84,2002.0,If I Could Go!,1
85,2002.0,Don't Mess With My Man,1
86,2002.0,Take Ya Home,1
87,2002.0,"Girls, Girls, Girls",2
88,2002.0,'03 Bonnie & Clyde,1
89,2002.0,Any Other Night,1
90,2002.0,Got Ur Self A...,1
91,2002.0,React,0
92,2002.0,Goodbye,2
93,2003.0,In Da Club,0
94,2003.0,Ignition,1
95,2003.0,Miss You,1
96,2003.0,So Gone,2
97,2003.0,Get Low,0
98,2003.0,Right Thurr,1
99,2003.0,21 Questions,2
100,2003.0,Get Busy,1
101,2003.0,How You Gonna Act Like That,2
102,2003.0,Frontin',1
103,2003.0,Can't Let You Go,1
104,2003.0,P.I.M.P.,0
105,2003.0,Crazy In Love,2
106,2003.0,Beautiful,1
107,2003.0,Baby Boy,1
108,2003.0,Put That Woman First,1
109,2003.0,Magic Stick,0
110,2003.0,Love Of My Life ,2
111,2003.0,Damn!,0
112,2003.0,In Those Jeans,1
113,2003.0,Come Over,1
114,2003.0,Excuse Me Miss,1
115,2003.0,Step In The Name Of Love,2
116,2003.0,Stand Up,0
117,2003.0,Say Yes,1
118,2003.0,Shake Ya Tailfeather,1
119,2003.0,dontchange,2
120,2003.0,I Wish I Wasn't,2
121,2003.0,Rain On Me,1
122,2003.0,Fabulous,2
123,2003.0,Wanksta,1
124,2003.0,Rock Wit U ,2
125,2003.0,The Jump Off,1
126,2003.0,Work It,1
127,2003.0,I Can,1
128,2003.0,Air Force Ones,1
129,2003.0,No Letting Go,1
130,2003.0,"Bump, Bump, Bump",1
131,2003.0,All I Have,1
132,2003.0,Never Scared,0
133,2003.0,Gossip Folks,0
134,2003.0,"Can't Stop, Won't Stop",0
135,2003.0,Emotional Rollercoaster,2
136,2003.0,"Never Leave You - Uh Ooh, Uh Oooh!",2
137,2003.0,Walked Outta Heaven,1
138,2003.0,Mesmerize,2
139,2003.0,What Would You Do?,1
140,2003.0,I Should Be...,1
141,2003.0,Like Glue,1
142,2003.0,Thugz Mansion,1
143,2003.0,Like A Pimp,0
144,2003.0,4 Ever,1
145,2003.0,Sick Of Being Lonely,1
146,2003.0,Snake,1
147,2003.0,Holidae In,1
148,2003.0,'03 Bonnie & Clyde,1
149,2003.0,Pump It Up,1
150,2003.0,Let's Get Down,1
151,2003.0,Make It Clap,1
152,2003.0,The Way You Move,2
153,2003.0,I'll Never Leave,1
154,2003.0,Signs Of Love Makin',2
155,2003.0,MADE YOU LOOK,0
156,2003.0,Love Calls,2
157,2003.0,Love At 1st Sight,1
158,2003.0,Luv U Better,2
159,2003.0,Lose Yourself,1
160,2003.0,Superstar,2
161,2003.0,Gimme The Light,1
162,2003.0,Dance With My Father,2
163,2003.0,Cry Me A River,1
164,2003.0,I Care 4 U,1
165,2003.0,Read Your Mind,1
166,2003.0,Hell Yeah,2
167,2003.0,What Happened To That Boy,0
168,2003.0,Guess What,2
169,2003.0,Paradise,2
170,2003.0,Ooh!,1
171,2003.0,Girlfriend,1
172,2003.0,Come Close To Me,1
173,2003.0,Do That...,1
174,2003.0,Satisfaction,1
175,2003.0,Officially Missing You,1
176,2003.0,My Love Is Like... Wo,2
177,2003.0,Act A Fool,0
178,2003.0,When The Last Time,1
179,2003.0,Laundromat,1
180,2003.0,If I Can't,0
181,2003.0,I Love You,1
182,2003.0,24's,0
183,2003.0,Wat Da Hook Gon Be,1
184,2003.0,What Up Gangsta,0
185,2003.0,Beware Of The Boys ,0
186,2003.0,One Of Those Days,1
187,2003.0,Still Ballin,0
188,2004.0,If I Ain't Got You,1
189,2004.0,Yeah!,1
190,2004.0,Burn,1
191,2004.0,Diary,1
192,2004.0,Lean Back,0
193,2004.0,You Don't Know My Name,1
194,2004.0,Jesus Walks,1
195,2004.0,"Me, Myself And I",1
196,2004.0,Slow Jamz,1
197,2004.0,Confessions Part II,1
198,2004.0,Slow Motion,0
199,2004.0,Goodies,1
200,2004.0,The Way You Move,2
201,2004.0,Dirt Off Your Shoulder,0
202,2004.0,Sorry 2004,1
203,2004.0,Freek-A-Leek,1
204,2004.0,Tipsy,0
205,2004.0,Splash Waterfalls,1
206,2004.0,Overnight Celebrity,1
207,2004.0,I Don't Wanna Know,1
208,2004.0,Read Your Mind,1
209,2004.0,Step In The Name Of Love,2
210,2004.0,All Falls Down,0
211,2004.0,Walked Outta Heaven,1
212,2004.0,Why?,0
213,2004.0,Hotel,1
214,2004.0,Salt Shaker,0
215,2004.0,My Boo,1
216,2004.0,U Should've Known Better,1
217,2004.0,My Place,1
218,2004.0,One Call Away,1
219,2004.0,Locked Up,1
220,2004.0,Happy People,2
221,2004.0,On Fire,0
222,2004.0,Game Over ,0
223,2004.0,Sunshine,1
224,2004.0,Through The Wire,1
225,2004.0,Damn!,0
226,2004.0,Headsprung,1
227,2004.0,Milkshake,1
228,2004.0,So Sexy,1
229,2004.0,Think About You,1
230,2004.0,Drop It Like It's Hot,0
231,2004.0,Charlene,2
232,2004.0,Rubber Band Man,0
233,2004.0,Naughty Girl,1
234,2004.0,No Problem,0
235,2004.0,I'm Still In Love With You,2
236,2004.0,Hey Ya!,1
237,2004.0,Dude,1
238,2004.0,Wanna Get To Know You,2
239,2004.0,Don't Take Your Love Away,2
240,2004.0,Stand Up,0
241,2004.0,Change Clothes,1
242,2004.0,Nolia Clap,0
243,2004.0,Still In Love,1
244,2004.0,Move Ya Body,1
245,2004.0,More & More,1
246,2004.0,Go D.J.,0
247,2004.0,No Better Love,2
248,2004.0,U Saved Me,2
249,2004.0,Roses,0
250,2004.0,Southside,1
251,2004.0,Call My Name,2
252,2004.0,Runnin ,0
253,2004.0,Stunt 101,0
254,2004.0,Get Low,0
255,2004.0,Dip It Low,1
256,2004.0,I Can't Wait,1
257,2004.0,Let's Get Away,1
258,2004.0,In My Life,0
259,2004.0,Breathe,0
260,2004.0,Let Me In,1
261,2004.0,"Breathe, Stretch, Shake",1
262,2004.0,whoknows,2
263,2004.0,Dangerously In Love,2
264,2004.0,I Like That,1
265,2004.0,Got It Twisted,0
266,2004.0,Holidae In,1
267,2004.0,Lose My Breath,1
268,2004.0,Wonderful,0
269,2004.0,Selfish,1
270,2004.0,Talk About Our Love,2
271,2004.0,You're My Everything,1
272,2004.0,Turn Me On,1
273,2004.0,Jook Gal ,1
274,2004.0,Wat Da Hook Gon Be,1
275,2004.0,Neva Eva,0
276,2004.0,I Want You,1
277,2004.0,Gangsta Nation,0
278,2004.0,Gigolo,1
279,2004.0,Welcome Back,1
280,2004.0,Knuck If You Buck,0
281,2004.0,Flap Your Wings,1
282,2004.0,Forthenight,1
283,2004.0,Whats Happnin!,0
284,2004.0,You Don't Want Drama,0
285,2004.0,Shorty Wanna Ride,1
286,2004.0,My Baby,1
287,2005.0,Let Me Love You,2
288,2005.0,We Belong Together,1
289,2005.0,Truth Is,2
290,2005.0,Drop It Like It's Hot,0
291,2005.0,Slow Down,1
292,2005.0,Free Yourself,1
293,2005.0,How We Do,0
294,2005.0,Wait ,0
295,2005.0,Soldier,1
296,2005.0,Cater 2 U,1
297,2005.0,Ordinary People,2
298,2005.0,Must Be Nice,1
299,2005.0,Gold Digger,1
300,2005.0,"1, 2 Step",2
301,2005.0,Oh,1
302,2005.0,Some Cut,0
303,2005.0,Bring Em Out,0
304,2005.0,Disco Inferno,1
305,2005.0,Like You,1
306,2005.0,U Already Know,1
307,2005.0,Candy Shop,1
308,2005.0,U Don't Know Me,0
309,2005.0,Let Me Hold You,1
310,2005.0,Shake It Off,2
311,2005.0,1 Thing,1
312,2005.0,Soul Survivor,0
313,2005.0,Hate It Or Love It,2
314,2005.0,Just A Lil Bit,1
315,2005.0,I Can't Stop Loving You,1
316,2005.0,O,1
317,2005.0,I'm A Hustla,0
318,2005.0,Give Me That,1
319,2005.0,Play,1
320,2005.0,My Boo,1
321,2005.0,Charlene,2
322,2005.0,Run It!,1
323,2005.0,Karma,1
324,2005.0,Wonderful,0
325,2005.0,Again,1
326,2005.0,Pimpin' All Over The World,0
327,2005.0,Grind With Me,1
328,2005.0,Okay,1
329,2005.0,Charlie Last Name: Wilson,1
330,2005.0,Number One Spot,1
331,2005.0,Naked,1
332,2005.0,Girl Tonite,1
333,2005.0,Dem Boyz,0
334,2005.0,Get Back,0
335,2005.0,Make Her Feel Good,1
336,2005.0,Trapped In The Closet,1
337,2005.0,Diary,1
338,2005.0,I Think They Like Me,0
339,2005.0,Hollaback Girl,1
340,2005.0,Don't Cha,1
341,2005.0,Girl,1
342,2005.0,Caught Up,1
343,2005.0,Only U,1
344,2005.0,What U Gon' Do,0
345,2005.0,Gotta Go Gotta Leave ,1
346,2005.0,In The Kitchen,2
347,2005.0,Unbreakable,1
348,2005.0,So Seductive,1
349,2005.0,How Could You,1
350,2005.0,And Then What,0
351,2005.0,Go D.J.,0
352,2005.0,U Make Me Wanna,2
353,2005.0,Lighters Up,0
354,2005.0,Girlfight,1
355,2005.0,I Should Have Cheated,1
356,2005.0,Tell Me,1
357,2005.0,Karma,1
358,2005.0,Baby Mama,1
359,2005.0,Back Then,0
360,2005.0,Stay Fly,0
361,2005.0,Welcome To Jamrock,1
362,2005.0,It's Like That,1
363,2005.0,I'm Sprung,1
364,2005.0,ASAP,0
365,2005.0,All Because Of You,1
366,2005.0,Dreams,1
367,2005.0,Gotta Make It,1
368,2005.0,New York,0
369,2005.0,Breathe,0
370,2005.0,Outta Control ,1
371,2005.0,Shorty Wanna Ride,1
372,2005.0,Let's Go,0
373,2005.0,Diamonds From Sierra Leone,1
374,2005.0,"Forever, For Always, For Love",2
375,2005.0,Still Tippin',0
376,2005.0,Let's Get Blown,1
377,2005.0,One Wish,2
378,2005.0,Laffy Taffy,1
379,2005.0,Baby,1
380,2005.0,Get It Poppin',0
381,2005.0,Can't Satisfy Her,1
382,2005.0,Lose My Breath,1
383,2007.0,Lost Without U,2
384,2007.0,When I See U,1
385,2007.0,Please Don't Go,1
386,2007.0,Buy U A Drank ,1
387,2007.0,teachme,2
388,2007.0,You,1
389,2007.0,Irreplaceable,1
390,2007.0,Promise,1
391,2007.0,Buddy,1
392,2007.0,Let It Go,2
393,2007.0,Shawty,1
394,2007.0,Bed,2
395,2007.0,Make Me Better,1
396,2007.0,Do You,1
397,2007.0,Throw Some D's,0
398,2007.0,Ice Box,1
399,2007.0,I Wanna Love You,1
400,2007.0,Walk It Out,1
401,2007.0,Same Girl,1
402,2007.0,This Is Why I'm Hot,0
403,2007.0,Wipe Me Down,0
404,2007.0,Runaway Love,2
405,2007.0,Get Me Bodied,1
406,2007.0,Party Like A Rockstar,0
407,2007.0,Crank That ,0
408,2007.0,Take Me As I Am,1
409,2007.0,No One,1
410,2007.0,Rock Yo Hips,0
411,2007.0,Make It Rain,0
412,2007.0,We Fly High,1
413,2007.0,My Love,2
414,2007.0,"Pop, Lock & Drop It",1
415,2007.0,On The Hotline,1
416,2007.0,Like This,1
417,2007.0,Because Of You,1
418,2007.0,Umbrella,1
419,2007.0,Get It Shawty,1
420,2007.0,Last Night,1
421,2007.0,Big Things Poppin' ,1
422,2007.0,2 Step,0
423,2007.0,Shortie Like Mine,1
424,2007.0,Upgrade U,1
425,2007.0,Like A Boy,1
426,2007.0,If I Was Your Man,1
427,2007.0,Top Back,0
428,2007.0,Don't Matter,2
429,2007.0,Can U Believe,1
430,2007.0,Bartender,1
431,2007.0,In My Songs,2
432,2007.0,Go Getta,0
433,2007.0,A Bay Bay,1
434,2007.0,Duffle Bag Boy,0
435,2007.0,Hood Figga,0
436,2007.0,That's That,0
437,2007.0,Can't Leave 'Em Alone,1
438,2007.0,Outta My System,1
439,2007.0,Int'l Players Anthem ,0
440,2007.0,Shawty Is A 10,1
441,2007.0,Kiss Kiss,1
442,2007.0,How Do I Breathe,1
443,2007.0,Change Me,1
444,2007.0,1st Time,2
445,2007.0,And I Am Telling You I'm Not Going,2
446,2007.0,I Luv It,2
447,2007.0,Tambourine,2
448,2007.0,Good Life,1
449,2007.0,Anonymous,1
450,2007.0,I Get Money,0
451,2007.0,Sexy Lady,1
452,2007.0,You Know What It Is,1
453,2007.0,Cupid Shuffle,1
454,2007.0,DJ Don't,1
455,2007.0,Can't Help But Wait,1
456,2007.0,Can't Tell Me Nothing,1
457,2007.0,My Drink N' My 2 Step,1
458,2007.0,Can't Get Enough,1
459,2007.0,If I Have My Way,2
460,2007.0,Beautiful Girls,1
461,2007.0,One,1
462,2007.0,Freaky Gurl,1
463,2007.0,Money In The Bank,0
464,2007.0,Make Ya Feel Beautiful,1
465,2007.0,I'm So Hood,0
466,2007.0,Stuntin' Like My Daddy,0
467,2007.0,Me,2
468,2007.0,Wall To Wall,1
469,2007.0,Come With Me,1
470,2007.0,Baby,2
471,2007.0,We Takin' Over,0
472,2007.0,Be Without You,2
473,2007.0,Hood Boy,1
474,2007.0,Let's Stay Together,1
475,2007.0,Lost One,1
476,2007.0,Used To Be My Girl,1
477,2007.0,We Ride ),2
478,2007.0,Wouldn't Get Far,0
479,2008.0,Like You'll Never See Me Again,1
480,2008.0,I Remember,2
481,2008.0,Just Fine,1
482,2008.0,Heaven Sent,2
483,2008.0,Suffocate,2
484,2008.0,Lollipop,1
485,2008.0,Need U Bad,1
486,2008.0,No One,1
487,2008.0,Spotlight,2
488,2008.0,Can't Help But Wait,1
489,2008.0,Never,1
490,2008.0,Crying Out For Me,1
491,2008.0,Take You Down,1
492,2008.0,A Milli,0
493,2008.0,Love In This Club,2
494,2008.0,Bust It Baby Part 2,1
495,2008.0,Whatever You Like,1
496,2008.0,I Luv Your Girl,1
497,2008.0,Independent,1
498,2008.0,Teenage Love Affair,2
499,2008.0,Touch My Body,1
500,2008.0,Put On,0
501,2008.0,Woman,1
502,2008.0,Sensual Seduction,1
503,2008.0,Falsetto,1
504,2008.0,Can't Believe It,1
505,2008.0,Miss Independent,2
506,2008.0,Take A Bow,1
507,2008.0,With You,1
508,2008.0,Sexy Can I,1
509,2008.0,Mrs. Officer,1
510,2008.0,Last Time,1
511,2008.0,The Boss,0
512,2008.0,Dey Know,1
513,2008.0,Never Would Have Made It,1
514,2008.0,The Way That I Love You,2
515,2008.0,Good Life,1
516,2008.0,Magic,1
517,2008.0,Low,1
518,2008.0,Get Like Me,0
519,2008.0,No Air,1
520,2008.0,Got Money,0
521,2008.0,Kiss Kiss,1
522,2008.0,Love In This Club Part II,1
523,2008.0,Customer,2
524,2008.0,Flashing Lights,1
525,2008.0,She Got It,1
526,2008.0,Music For Love,1
527,2008.0,I Won't Tell,0
528,2008.0,Umma Do Me,0
529,2008.0,I'm So Hood,0
530,2008.0,You're The Only One,2
531,2008.0,Duffle Bag Boy,0
532,2008.0,Never Never Land,2
533,2008.0,Please Excuse My Hands,1
534,2008.0,The Business,1
535,2008.0,Here I Am,1
536,2008.0,So Fly,1
537,2008.0,The River,1
538,2008.0,Live Your Life,1
539,2008.0,Pop Bottles,0
540,2008.0,Girls Around The World,1
541,2008.0,Work That,1
542,2008.0,Lookin Boy,1
543,2008.0,Honey,1
544,2008.0,Get Silly,0
545,2008.0,teachme,2
546,2008.0,Superwoman,1
547,2008.0,Bed,2
548,2008.0,Shawty Is A 10,1
549,2008.0,Bust Your Windows,1
550,2008.0,When I See U,1
551,2008.0,Single Ladies ,1
552,2008.0,Closer,1
553,2008.0,Girlfriend,1
554,2008.0,Superstar,1
555,2008.0,Did You Wrong,2
556,2008.0,Swagga Like Us,0
557,2008.0,Sometimes,2
558,2008.0,I've Changed,2
559,2008.0,Green Light,1
560,2008.0,Moving Mountains,1
561,2008.0,Let It Go,2
562,2008.0,My Life,0
563,2008.0,My Drink N' My 2 Step,1
564,2008.0,Foolish,0
565,2008.0,Hate That I Love You,2
566,2008.0,Soulja Girl,1
567,2008.0,Baby,1
568,2008.0,Mr. Carter,1
569,2008.0,I Know,2
570,2008.0,Energy,2
571,2008.0,Game's Pain,1
572,2008.0,Hypnotized,1
573,2008.0,Roc Boys ...,1
574,2008.0,Ching-A-Ling,0
575,2008.0,Go On Girl,1
576,2009.0,Blame It,1
577,2009.0,Pretty Wings,2
578,2009.0,Break Up,2
579,2009.0,Best I Ever Had,0
580,2009.0,Rockin' That Thang,1
581,2009.0,Single Ladies ,1
582,2009.0,Turnin Me On,1
583,2009.0,She Got Her Own,2
584,2009.0,sobeautiful,1
585,2009.0,Last Chance,1
586,2009.0,Knock You Down,2
587,2009.0,Every Girl,0
588,2009.0,God In Me,1
589,2009.0,Ego,1
590,2009.0,Mad,1
591,2009.0,If This Isn't Love,2
592,2009.0,Live Your Life,1
593,2009.0,Successful,0
594,2009.0,On The Ocean,1
595,2009.0,Birthday Sex,1
596,2009.0,Diva,0
597,2009.0,Miss Independent,2
598,2009.0,Ain't I,1
599,2009.0,Boyfriend #2,1
600,2009.0,There Goes My Baby,2
601,2009.0,I Need A Girl,1
602,2009.0,IfULeave,1
603,2009.0,Spotlight,2
604,2009.0,Dead And Gone,1
605,2009.0,Chopped 'N' Skrewed,1
606,2009.0,Trading Places,1
607,2009.0,Just Like Me,1
608,2009.0,Kiss Me Thru The Phone,1
609,2009.0,You Complete Me,2
610,2009.0,Pop Champagne,1
611,2009.0,Throw It In The Bag,1
612,2009.0,Heartless,1
613,2009.0,Cool,1
614,2009.0,Here I Stand,1
615,2009.0,Green Light,1
616,2009.0,Epiphany ,1
617,2009.0,Playa Cardz Right,1
618,2009.0,Under,1
619,2009.0,Ice Cream Paint Job,0
620,2009.0,Bad Habits,2
621,2009.0,Always Strapped,0
622,2009.0,Beep,1
623,2009.0,Whatever You Like,1
624,2009.0,Mrs. Officer,1
625,2009.0,Bust Your Windows,1
626,2009.0,The Point Of It All,2
627,2009.0,When It Hurts,2
628,2009.0,Need U Bad,1
629,2009.0,Day 'N' Nite,1
630,2009.0,Magnificent,0
631,2009.0,Number One,1
632,2009.0,Put It On Ya,1
633,2009.0,Obsessed,1
634,2009.0,Swag Surfin',1
635,2009.0,From My Heart To Yours,2
636,2009.0,Stanky Legg,0
637,2009.0,Never Ever,2
638,2009.0,Forever,0
639,2009.0,Can't Believe It,1
640,2009.0,"Lions, Tigers & Bears",2
641,2009.0,The Sweetest Love,2
642,2009.0,Can't Live Without You,1
643,2009.0,Regret,1
644,2009.0,5 Star Chick,0
645,2009.0,I Invented Sex,1
646,2009.0,Heaven Sent,2
647,2009.0,Halo,1
648,2009.0,Empire State Of Mind,1
649,2009.0,You're A Jerk,1
650,2009.0,Never Give You Up,1
651,2009.0,Not Anymore,1
652,2009.0,It's Yours,1
653,2009.0,I Look To You,1
654,2009.0,Make Tha Trap Say Aye,1
655,2009.0,Papers,1
656,2009.0,If I Were A Boy,1
657,2009.0,Blame It On Me,1
658,2009.0,Lost,1
659,2009.0,Imma Star ,1
660,2009.0,Swagga Like Us,0
661,2009.0,Doesn't Mean Anything,1
662,2009.0,Plenty Money,0
663,2009.0,Download,2
664,2009.0,Imma Put It On Her,1
665,2009.0,The One,1
666,2009.0,Trick'n,1
667,2010.0,Un-Thinkable ,1
668,2010.0,There Goes My Baby,1
669,2010.0,It Kills Me,2
670,2010.0,Everything To Me,2
671,2010.0,Say Aah,1
672,2010.0,Neighbors Know My Name,1
673,2010.0,Hey Daddy ,2
674,2010.0,I Am,1
675,2010.0,Deuces,1
676,2010.0,Sex Therapy,2
677,2010.0,Love All Over Me,2
678,2010.0,I Invented Sex,1
679,2010.0,How Low,1
680,2010.0,Say Something,1
681,2010.0,Find Your Love,2
682,2010.0,Over,0
683,2010.0,My Chick Bad,0
684,2010.0,Ain't Leavin Without You,1
685,2010.0,Lose My Mind,0
686,2010.0,Try Sleeping With A Broken Heart,1
687,2010.0,BedRock,1
688,2010.0,Bittersweet,2
689,2010.0,Fistful Of Tears,1
690,2010.0,Miss Me,0
691,2010.0,Rude Boy,1
692,2010.0,Your Love,2
693,2010.0,Ride,2
694,2010.0,Finding My Way Back,2
695,2010.0,OMG,2
696,2010.0,Nothin' On You,1
697,2010.0,Bottoms Up,1
698,2010.0,Lil Freak,1
699,2010.0,Bad Habits,2
700,2010.0,Money To Blow,0
701,2010.0,Fancy,1
702,2010.0,Papers,1
703,2010.0,Soldier Of Love,2
704,2010.0,Holding You Down ,2
705,2010.0,Sex Room,1
706,2010.0,B.M.F. ,0
707,2010.0,All I Do Is Win,0
708,2010.0,Champagne Life,1
709,2010.0,Why Would You Stay?,1
710,2010.0,Can't Be Friends,2
711,2010.0,Pretty Wings,2
712,2010.0,Window Seat,1
713,2010.0,You're The One,1
714,2010.0,O Let's Do It,0
715,2010.0,Empire State Of Mind,1
716,2010.0,Steady Mobbin',1
717,2010.0,Teach Me How To Dougie,0
718,2010.0,Pretty Boy Swag,1
719,2010.0,I'm Back,0
720,2010.0,On To The Next One,0
721,2010.0,Got Your Back,1
722,2010.0,No Hands,0
723,2010.0,I Wanna Rock,0
724,2010.0,Hot Tottie,1
725,2010.0,Love The Way You Lie,1
726,2010.0,God In Me,1
727,2010.0,Right Above It,0
728,2010.0,Statistics,1
729,2010.0,Lemonade,0
730,2010.0,Baby By Me,1
731,2010.0,Hello Good Morning,1
732,2010.0,Hard,1
733,2010.0,Imma Be,1
734,2010.0,All I Want Is You,1
735,2010.0,Closer,1
736,2010.0,Close To You,2
737,2010.0,Aston Martin Music,1
738,2010.0,Hold You ,1
739,2010.0,"Women Lie, Men Lie",0
740,2010.0,Forever,0
741,2010.0,Sometimes I Cry,1
742,2010.0,Can't Live Without You,1
743,2010.0,We Got Hood Love,2
744,2010.0,Million Dollar Bill,1
745,2010.0,Roger That,0
746,2010.0,I Can Transform Ya,1
747,2010.0,Whip My Hair,1
748,2010.0,Lay It Down,1
749,2010.0,Super High,0
750,2010.0,Regret,1
751,2010.0,I Like,1
752,2010.0,It's In The Morning,2
753,2010.0,POWER,0
754,2010.0,Spotlight,1
755,2010.0,Speedin',1
756,2010.0,Hard In Da Paint,0
757,2010.0,Can It Stay,2
758,2010.0,Love Like This,2
759,2010.0,I'm Single,0
760,2010.0,What's Not To Love,2
761,2010.0,Beat It Up,1
762,2010.0,Hands Tied,2
763,2011.0,Sure Thing,2
764,2011.0,Motivation,1
765,2011.0,Look At Me Now,0
766,2011.0,I'm On One,0
767,2011.0,Far Away,1
768,2011.0,No Hands,0
769,2011.0,My Last,0
770,2011.0,Can't Be Friends,2
771,2011.0,Moment 4 Life,0
772,2011.0,She Ain't You,1
773,2011.0,Aston Martin Music,1
774,2011.0,All Of The Lights,1
775,2011.0,6 Foot 7 Foot,0
776,2011.0,Love Faces,2
777,2011.0,How To Love,2
778,2011.0,Fall For Your Type,1
779,2011.0,No BS,0
780,2011.0,What's My Name?,1
781,2011.0,Pretty Girl Rock,1
782,2011.0,Down On Me,1
783,2011.0,I Smile,1
784,2011.0,Make A Movie,1
785,2011.0,So In Love,2
786,2011.0,Love Letter,2
787,2011.0,Best Thing I Never Had,1
788,2011.0,Quickie,2
789,2011.0,Marvin & Chardonnay,1
790,2011.0,Did It On'em,0
791,2011.0,You Are,2
792,2011.0,Hustle Hard,0
793,2011.0,Unusual,1
794,2011.0,Otis,0
795,2011.0,Headlines,0
796,2011.0,She Will,0
797,2011.0,That Way,1
798,2011.0,Walking,1
799,2011.0,You Be Killin Em,1
800,2011.0,Lay It Down,1
801,2011.0,Out Of My Head,1
802,2011.0,Marvins Room,0
803,2011.0,Black And Yellow,0
804,2011.0,Super Bass,1
805,2011.0,Racks,0
806,2011.0,Deuces,1
807,2011.0,I'm Doing Me,1
808,2011.0,Ni**as in Paris,0
809,2011.0,Man Down,1
810,2011.0,Roll Up,1
811,2011.0,Wet The Bed,1
812,2011.0,Share My Life,1
813,2011.0,Right Thru Me,1
814,2011.0,Bring It Back,0
815,2011.0,Not My Daddy,2
816,2011.0,Where You At,1
817,2011.0,4evermore,1
818,2011.0,If It's Love,2
819,2011.0,Lay With You,1
820,2011.0,Pieces Of Me,2
821,2011.0,Grove St. Party,0
822,2011.0,Party,1
823,2011.0,One In A Million,1
824,2011.0,Mrs. Right,1
825,2011.0,Body 2 Body,1
826,2011.0,John,0
827,2011.0,Best Night Of My Life,1
828,2011.0,10 Seconds,1
829,2011.0,There Goes My Baby,1
830,2011.0,Life Of The Party,1
831,2011.0,Right Above It,0
832,2011.0,Yes,2
833,2011.0,Make It Rain,0
834,2011.0,Bottoms Up,1
835,2011.0,No One Gonna Love You,2
836,2011.0,When A Woman Loves,2
837,2011.0,Whip My Hair,1
838,2011.0,All I Want Is You,1
839,2011.0,Oh My,1
840,2011.0,Ballin',0
841,2011.0,Radio Message,1
842,2011.0,Words,1
843,2011.0,Novacane,2
844,2011.0,Work Out,1
845,2011.0,Take Me Away,2
846,2011.0,One Night Stand,1
847,2011.0,On My Level,0
848,2011.0,Sometimes I Cry,1
849,2011.0,Your Love,2
850,2011.0,Emergency,1
851,2011.0,Love All Over Me,2
852,2011.0,I Don't Deserve You,1
853,2011.0,Welcome To My Hood,0
854,2011.0,Anything,1
855,2011.0,H*A*M,0
856,2011.0,Fire Flame,0
857,2011.0,Loving You No More,2
858,2011.0,Someone To Love Me ,2
859,2011.0,Champagne Life,1
860,2012.0,Love On Top,2
861,2012.0,Climax,2
862,2012.0,Lotus Flower Bomb,1
863,2012.0,Adorn,2
864,2012.0,Heart Attack,2
865,2012.0,No Lie,0
866,2012.0,Make Me Proud,1
867,2012.0,Ni**as in Paris,0
868,2012.0,Nobody's Perfect,0
869,2012.0,Drank In My Cup,1
870,2012.0,Lemme See,1
871,2012.0,Cashin' Out,0
872,2012.0,Party,1
873,2012.0,Another Round,1
874,2012.0,Dance ,0
875,2012.0,Leave You Alone,1
876,2012.0,Stay,1
877,2012.0,Bag Of Money,0
878,2012.0,Thank You,1
879,2012.0,Can't Get Enough,1
880,2012.0,Mr. Wrong,2
881,2012.0,Tonight ,1
882,2012.0,I Do,2
883,2012.0,Take It To The Head,0
884,2012.0,Pop That,0
885,2012.0,Rack City,0
886,2012.0,Crew Love,2
887,2012.0,Dance For You,1
888,2012.0,Put It Down,2
889,2012.0,Turn On The Lights,1
890,2012.0,You The Boss,1
891,2012.0,Ayy Ladies,0
892,2012.0,That Way,1
893,2012.0,Sex Ain't Better Than Love,2
894,2012.0,Amen,0
895,2012.0,Pray For Me,1
896,2012.0,Love After War,2
897,2012.0,Dive In,1
898,2012.0,Beez In The Trap,0
899,2012.0,Thinkin Bout You,1
900,2012.0,Refill,1
901,2012.0,Bandz A Make Her Dance,0
902,2012.0,She Will,0
903,2012.0,Enough Of No Love,2
904,2012.0,Headlines,0
905,2012.0,2 Reasons,0
906,2012.0,Do It Like You,1
907,2012.0,Take Care,1
908,2012.0,Round Of Applause,1
909,2012.0,Magic,0
910,2012.0,Birthday Song,0
911,2012.0,Clique,0
912,2012.0,Gotta Have It,1
913,2012.0,Share My Love,2
914,2012.0,Countdown,2
915,2012.0,Same Damn Time,0
916,2012.0,Work Out,1
917,2012.0,"Work Hard, Play Hard",0
918,2012.0,Feelin' Single,1
919,2012.0,Blessed,1
920,2012.0,Woo,1
921,2012.0,You're On My Mind,1
922,2012.0,Lately,2
923,2012.0,Touch'N You,0
924,2012.0,Talk That Talk,1
925,2012.0,Go Get It,1
926,2012.0,Beautiful Surprise,1
927,2012.0,Real Love,2
928,2012.0,Right By My Side,1
929,2012.0,Stay Together,2
930,2012.0,Girl On Fire,1
931,2012.0,Sweet Love,2
932,2012.0,All Tied Up,2
933,2012.0,Body 2 Body,1
934,2012.0,Sabotage,2
935,2012.0,Till I Die,0
936,2012.0,Faded,0
937,2012.0,Wet The Bed,1
938,2012.0,Sure Thing,2
939,2012.0,Until It's Gone,1
940,2012.0,Swimming Pools ,0
941,2012.0,Diced Pineapples,1
942,2012.0,Ice,2
943,2012.0,Next Breath,1
944,2012.0,Marvin & Chardonnay,1
945,2012.0,Let's Talk,1
946,2012.0,I Don't Like,0
947,2012.0,Lazy Love,2
948,2012.0,My Homies Still,0
949,2012.0,So Gone ,1
950,2012.0,No Worries,0
951,2013.0,Thrift Shop,0
952,2013.0,Blurred Lines,1
953,2013.0,Suit & Tie,2
954,2013.0,Holy Grail,0
955,2013.0,Diamonds,0
956,2013.0,Started From The Bottom,0
957,2013.0,"Hold On, We're Going Home",1
958,2013.0,Love Me,1
959,2013.0,Power Trip,0
960,2013.0,Girl On Fire,1
961,2013.0,Same Love,2
962,2013.0,Adorn,2
963,2013.0,Pour It Up,0
964,2013.0,Swimming Pools ,0
965,2013.0,Berzerk,1
966,2013.0,Body Party,1
967,2013.0,"Bitch, Don't Kill My Vibe",0
968,2013.0,U.O.E.N.O.,0
969,2013.0,#Beautiful,1
970,2013.0,Poetic Justice,1
971,2013.0,Next To Me,1
972,2013.0,Crooked Smile,1
973,2013.0,Bugatti,0
974,2013.0,I'm Different,0
975,2013.0,Rich As F**k,1
976,2013.0,Clique,0
977,2013.0,Gas Pedal,1
978,2013.0,Love More,0
979,2013.0,23,0
980,2013.0,Fine China,1
981,2013.0,All Gold Everything,0
982,2013.0,No Worries,0
983,2013.0,Thinkin Bout You,1
984,2013.0,Bandz A Make Her Dance,0
985,2013.0,We Still In This B****,0
986,2013.0,Beware,0
987,2013.0,Tapout,0
988,2013.0,The Monster,1
989,2013.0,Type Of Way,1
990,2013.0,Take Back The Night,1
991,2013.0,Give It 2 U,1
992,2013.0,Red Nose,0
993,2013.0,Wicked Games,2
994,2013.0,Loveeeeeee Song,2
995,2013.0,Tom Ford,0
996,2013.0,Beat It,1
997,2013.0,Neva End,1
998,2013.0,R.I.P.,0
999,2013.0,Love And War,2
1000,2013.0,Battle Scars,1
1001,2013.0,HeadBand,0
1002,2013.0,How Many Drinks?,1
1003,2013.0,Ball,0
1004,2013.0,Don't Drop That Thun Thun!,0
1005,2013.0,Ain't Worried About Nothin,0
1006,2013.0,Feds Watching,0
1007,2013.0,High School,0
1008,2013.0,My Hitta,0
1009,2013.0,Love Sosa,0
1010,2013.0,Rap God,1
1011,2013.0,We Own It ,1
1012,2013.0,Kisses Down Low,1
1013,2013.0,Who Booty,1
1014,2013.0,Don't Judge Me,1
1015,2013.0,Wild For The Night,0
1016,2013.0,All Me,0
1017,2013.0,Karate Chop ,0
1018,2013.0,TKO,1
1019,2013.0,Pop That,0
1020,2013.0,Molly,0
1021,2013.0,Bounce It,0
1022,2013.0,Guap,1
1023,2013.0,Remember You,0
1024,2013.0,Survival,0
1025,2013.0,White Walls,0
1026,2013.0,Honest,0
1027,2013.0,Without Me,1
1028,2013.0,Ready,1
1029,2013.0,Dope,0
1030,2013.0,Birthday Song,0
1031,2013.0,The One,2
1032,2013.0,Show Out,0
1033,2013.0,It Won't Stop,2
1034,2013.0,Bubble Butt,1
1035,2013.0,V.S.O.P.,1
1036,2013.0,No Lie,0
1037,2013.0,Freaks,0
1038,2013.0,Work,0
1039,2013.0,LoveHate Thing,2
1040,2013.0,I'm Out,0
1041,2013.0,Versace,0
1042,2013.0,Celebration,2
1043,2014.0,Happy,1
1044,2014.0,All Of Me,2
1045,2014.0,Fancy,0
1046,2014.0,Talk Dirty,1
1047,2014.0,The Monster,1
1048,2014.0,Black Widow,2
1049,2014.0,Wiggle,1
1050,2014.0,Anaconda,0
1051,2014.0,Don't Tell 'Em,1
1052,2014.0,Show Me,1
1053,2014.0,The Man,1
1054,2014.0,Hot Boy,1
1055,2014.0,2 On,2
1056,2014.0,Na Na,0
1057,2014.0,My Hitta,0
1058,2014.0,"Hold On, We're Going Home",1
1059,2014.0,Lifestyle,0
1060,2014.0,New Flame,1
1061,2014.0,Partition,1
1062,2014.0,Love Never Felt So Good,2
1063,2014.0,No Mediocre,0
1064,2014.0,Studio,1
1065,2014.0,23,0
1066,2014.0,White Walls,0
1067,2014.0,Paranoid,0
1068,2014.0,0 To 100 / The Catch Up,0
1069,2014.0,Pills N Potions,2
1070,2014.0,The Worst,2
1071,2014.0,We Dem Boyz,0
1072,2014.0,Or Nah,0
1073,2014.0,Rap God,1
1074,2014.0,No Flex Zone,0
1075,2014.0,Blurred Lines,1
1076,2014.0,Trophies,0
1077,2014.0,Who Do You Love?,0
1078,2014.0,All Me,0
1079,2014.0,About The Money,0
1080,2014.0,It Won't Stop,2
1081,2014.0,Main Chick,1
1082,2014.0,Cut Her Off,0
1083,2014.0,Work,0
1084,2014.0,Up Down ,0
1085,2014.0,Come Get It Bae,1
1086,2014.0,Stoner,0
1087,2014.0,Good Kisser,1
1088,2014.0,V. 3005,0
1089,2014.0,"Touchin, Lovin",2
1090,2014.0,No Type,0
1091,2014.0,Tuesday,1
1092,2014.0,Man Of The Year,0
1093,2014.0,Hold You Down,1
1094,2014.0,Love More,0
1095,2014.0,Holy Grail,0
1096,2014.0,Fight Night,0
1097,2014.0,XO,2
1098,2014.0,The Language,0
1099,2014.0,Ride,1
1100,2014.0,Part II ,2
1101,2014.0,Gas Pedal,1
1102,2014.0,i,1
1103,2014.0,Hookah,1
1104,2014.0,Headlights,1
1105,2014.0,Foreign,1
1106,2014.0,She Twerkin,0
1107,2014.0,Bound 2,2
1108,2014.0,24 Hours,1
1109,2014.0,They Don't Know,0
1110,2014.0,TKO,1
1111,2014.0,Handsome And Wealthy,0
1112,2014.0,I Won,1
1113,2014.0,Walk Thru,0
1114,2014.0,You & I ,1
1115,2014.0,You And Your Friends,1
1116,2014.0,Can't Raise A Man,1
1117,2014.0,Berzerk,1
1118,2014.0,2AM.,1
1119,2014.0,Survival,0
1120,2014.0,Confident,1
1121,2014.0,Feelin' Myself,0
1122,2014.0,Seen It All,0
1123,2014.0,I Mean It,1
1124,2014.0,Money Baby,0
1125,2014.0,Yayo,1
1126,2014.0,No Love,2
1127,2014.0,Worst Behavior,2
1128,2014.0,Tom Ford,0
1129,2014.0,I Know,0
1130,2014.0,HeadBand,0
1131,2014.0,Guts Over Fear,1
1132,2014.0,Often,1
1133,2014.0,John Doe,1
1134,2014.0,Red Nose,0
1135,2015.0,See You Again,1
1136,2015.0,Trap Queen,1
1137,2015.0,Watch Me,1
1138,2015.0,The Hills,0
1139,2015.0,Can't Feel My Face,2
1140,2015.0,Earned It ,1
1141,2015.0,679,1
1142,2015.0,Hotline Bling,1
1143,2015.0,Post To Be,1
1144,2015.0,G.D.F.R.,1
1145,2015.0,FourFiveSeconds,1
1146,2015.0,Somebody,1
1147,2015.0,My Way,0
1148,2015.0,Nasty Freestyle,0
1149,2015.0,Only,0
1150,2015.0,I Don't Mind,1
1151,2015.0,7/11,1
1152,2015.0,Flex ,0
1153,2015.0,Truffle Butter,0
1154,2015.0,Classic Man,1
1155,2015.0,All Eyes On You,0
1156,2015.0,Blessings,1
1157,2015.0,No Type,0
1158,2016.0,One Dance,1
1159,2016.0,Panda,0
1160,2016.0,Work,1
1161,2016.0,Needed Me,0
1162,2016.0,"Me, Myself & I",2
1163,2016.0,Hotline Bling,1
1164,2016.0,Too Good,2
1165,2016.0,Broccoli,1
1166,2016.0,Here,1
1167,2016.0,The Hills,0
1168,2016.0,Controlla,1
1169,2016.0,Jumpman,1
1170,2016.0,Don't Mind,2
1171,2016.0,Don't,1
1172,2016.0,Low Life,0
1173,2016.0,For Free,0
1174,2016.0,Starboy,0
1175,2016.0,2 Phones,0
1176,2016.0,Oui,1
1177,2016.0,In The Night,1
1178,2016.0,Down In The DM,0
1179,2016.0,Luv,2
1180,2016.0,Sorry,1
1181,2016.0,Say It,1
1182,2016.0,Sucker For Pain,1
1183,2016.0,Exchange,1
1184,2016.0,Antidote,1
1185,2016.0,Pop Style,0
1186,2016.0,679,1
1187,2016.0,White Iverson,0
1188,2016.0,Cut It,0
1189,2016.0,Back To Sleep,1
1190,2016.0,No Limit,1
1191,2016.0,Wicked,0
1192,2016.0,Tiimmy Turner,0
1193,2016.0,Black Beatles,0
1194,2016.0,Really Really,0
1195,2016.0,Father Stretch My Hands Pt. 1,1
1196,2016.0,Summer Sixteen,0
1197,2016.0,No Problem,1
1198,2016.0,I Got The Keys,0
1199,2016.0,Money Longer,0
1200,2016.0,Uber Everywhere,0
1201,2016.0,THat Part,0
1202,2016.0,Best Friend,0
1203,2016.0,Can't Feel My Face,2
1204,2016.0,Hold Up,2
1205,2016.0,Come And See Me,1
1206,2016.0,Juju On That Beat ,1
1207,2016.0,Chill Bill,0
1208,2016.0,Pick Up The Phone,1
1209,2016.0,OOOUUU,0
1210,2016.0,My PYT,2
1211,2016.0,1 Night,1
1212,2016.0,Again,1
1213,2016.0,Childs Play,0
1214,2016.0,Formation,0
1215,2016.0,Caroline,0
1216,2016.0,Famous,1
1217,2016.0,You Was Right,0
1218,2016.0,Body,1
1219,2016.0,Still Here,0
1220,2016.0,Do It Like Me,1
1221,2016.0,Promise,1
1222,2016.0,Hit The Quan,1
1223,2016.0,Wat U Mean ,0
1224,2016.0,Might Not,0
1225,2016.0,Why You Always Hatin?,0
1226,2016.0,Hype,0
1227,2016.0,Kiss It Better,1
1228,2016.0,Big Rings,1
1229,2016.0,My Boo,2
1230,2016.0,Where Ya At,0
1231,2016.0,Lockjaw,0
1232,2016.0,WTF ,1
1233,2016.0,X,0
1234,2016.0,Sorry Not Sorry,0
1235,2016.0,Acquainted,1
1236,2016.0,No Shopping,1
1237,2016.0,Watch Out,0
1238,2016.0,Gangsta,2
1239,2016.0,Sex With Me,1
1240,2016.0,Wishing,0
1241,2016.0,Back Up,0
1242,2016.0,Look Alive,1
1243,2016.0,Grammys,1
1244,2016.0,Law,0
1245,2016.0,Too Much Sauce,0
1246,2016.0,The Fix,1
1247,2016.0,Key To The Streets,0
1248,2016.0,Grass Ain't Greener,1
1249,2016.0,Fade,1
1250,2016.0,New Level,0
1251,2016.0,Moolah,1
1252,2016.0,With You,1
1253,2016.0,Stick Talk,0
1254,2016.0,Might Be,1
1255,2017.0,That's What I Like,1
1256,2017.0,Humble.,0
1257,2017.0,I'm The One,1
1258,2017.0,Bad And Boujee,0
1259,2017.0,Unforgettable,1
1260,2017.0,Congratulations,1
1261,2017.0,Mask Off,0
1262,2017.0,Wild Thoughts,1
1263,2017.0,XO TOUR Llif3,1
1264,2017.0,Bodak Yellow ,0
1265,2017.0,Black Beatles,0
1266,2017.0,24K Magic,1
1267,2017.0,Starboy,0
1268,2017.0,iSpy,1
1269,2017.0,Redbone,0
1270,2017.0,1-800-273-8255,1
1271,2017.0,I Feel It Coming,1
1272,2017.0,Fake Love,1
1273,2017.0,Bounce Back,0
1274,2017.0,Bad Things,1
1275,2017.0,Love On The Brain,2
1276,2017.0,Location,1
1277,2017.0,Bank Account,0
1278,2017.0,Rake It Up,0
1279,2017.0,T-Shirt,0
1280,2017.0,Tunnel Vision,1
1281,2017.0,Rockstar,1
1282,2017.0,Rolex,1
1283,2017.0,DNA.,0
1284,2017.0,Juju On That Beat ,1
1285,2017.0,Passionfruit,1
1286,2017.0,Swang,0
1287,2017.0,Loyalty.,1
1288,2017.0,Slide,1
1289,2017.0,Drowning,0
1290,2017.0,Both,0
1291,2017.0,Caroline,0
1292,2017.0,Feels,1
1293,2017.0,Love Galore,2
1294,2017.0,Slippery,0
1295,2017.0,Young Dumb & Broke,1
1296,2017.0,Magnolia,0
1297,2017.0,Everyday We Lit,0
1298,2017.0,Do Re Mi,0
1299,2017.0,I Get The Bag,0
1300,2017.0,Butterfly Effect,1
1301,2017.0,Look At Me!,0
1302,2017.0,Crew,0
1303,2017.0,Love.,1
1304,2017.0,Party,0
1305,2017.0,Deja Vu,0
1306,2017.0,Portland,0
1307,2017.0,It's A Vibe,1
1308,2017.0,The Weekend,1
1309,2017.0,First Day Out,0
1310,2017.0,Party Monster,1
1311,2017.0,Love Me Now,2
1312,2017.0,Gucci Gang,0
1313,2017.0,Versace On The Floor,1
1314,2017.0,Goosebumps,1
1315,2017.0,Moves,0
1316,2017.0,Used To This,0
1317,2017.0,Losin Control,1
1318,2017.0,The Race,0
1319,2017.0,OOOUUU,0
1320,2017.0,Privacy,2
1321,2017.0,Whatever You Need,1
1322,2017.0,Shining,1
1323,2017.0,No Heart,0
1324,2017.0,The Way Life Goes,1
1325,2017.0,Reminder,0
1326,2017.0,Roll In Peace,0
1327,2017.0,Good Drank,2
1328,2017.0,X,0
1329,2017.0,Jocelyn Flores,1
1330,2017.0,Element.,0
1331,2017.0,Chill Bill,0
1332,2017.0,No Limit,1
1333,2017.0,Selfish,1
1334,2017.0,I Fall Apart,1
1335,2017.0,Relationship,0
1336,2017.0,Gyalchester,0
1337,2017.0,Transportin',0
1338,2017.0,Selfish,1
1339,2017.0,B.E.D.,0
1340,2017.0,Broccoli,1
1341,2017.0,4 AM,0
1342,2017.0,Neighbors,1
1343,2017.0,Pills And Automobiles,0
1344,2017.0,No Frauds,0
1345,2017.0,Sneakin',0
1346,2017.0,Sauce It Up,0
1347,2017.0,Do You Mind,1
1348,2017.0,Prblms,0
1349,2017.0,You Was Right,0
1350,2017.0,Questions,1
1351,2017.0,No Complaints,1
1352,2017.0,Too Much Sauce,0
1353,2018.0,God's Plan,1
1354,2018.0,I Like It,0
1355,2018.0,In My Feelings,0
1356,2018.0,Psycho,0
1357,2018.0,Nice For What,1
1358,2018.0,Rockstar,1
1359,2018.0,Lucid Dreams,2
1360,2018.0,Better Now,1
1361,2018.0,Finesse,1
1362,2018.0,Boo'd Up,1
1363,2018.0,Look Alive,0
1364,2018.0,Sad!,1
1365,2018.0,Yes Indeed,0
1366,2018.0,Taste,0
1367,2018.0,FEFE,0
1368,2018.0,MotorSport,0
1369,2018.0,Let You Down,1
1370,2018.0,No Limit,1
1371,2018.0,Pray For Me,1
1372,2018.0,Gucci Gang,0
1373,2018.0,Sicko Mode,0
1374,2018.0,Walk It Talk It,0
1375,2018.0,Him & I,0
1376,2018.0,Stir Fry,0
1377,2018.0,All The Stars,1
1378,2018.0,This Is America,0
1379,2018.0,Nonstop,0
1380,2018.0,I Fall Apart,1
1381,2018.0,Freaky Friday,1
1382,2018.0,Gummo,0
1383,2018.0,Ric Flair Drip,0
1384,2018.0,Be Careful,0
1385,2018.0,Plug Walk,0
1386,2018.0,Bartier Cardi,0
1387,2018.0,Big Bank,0
1388,2018.0,Love.,1
1389,2018.0,Moonlight,0
1390,2018.0,No Brainer,1
1391,2018.0,Plain Jane,0
1392,2018.0,I Get The Bag,0
1393,2018.0,King's Dead,0
1394,2018.0,Lemon,2
1395,2018.0,Call Out My Name,1
1396,2018.0,Bodak Yellow ,0
1397,2018.0,I'm Upset,0
1398,2018.0,Trip,2
1399,2018.0,Sky Walker,1
1400,2018.0,Outside Today,0
1401,2018.0,Chun-Li,0
1402,2018.0,Changes,1
1403,2018.0,Powerglide,0
1404,2018.0,River,0
1405,2018.0,Apes**t,2
1406,2018.0,New Freezer,0
1407,2018.0,All Girls Are The Same,2
1408,2018.0,I Love It,0
1409,2018.0,Drip Too Hard,0
1410,2018.0,The Way Life Goes,1
1411,2018.0,Mo Bamba,0
1412,2018.0,Japan,1
1413,2018.0,Ring,1
1414,2018.0,Candy Paint,0
1415,2018.0,Rubbin Off The Paint,0
1416,2018.0,Pick It Up,0
1417,2018.0,Roll In Peace,0
1418,2018.0,Young Dumb & Broke,1
1419,2018.0,Medicine,1
1420,2018.0,KOD,0
1421,2018.0,Bank Account,0
1422,2018.0,Ball For Me,1
1423,2018.0,Lucky You,0
1424,2018.0,Red Roses,0
1425,2018.0,Betrayed,0
1426,2018.0,OTW,1
1427,2018.0,Esskeetit,0
1428,2018.0,Everyday,0
1429,2018.0,Narcos,0
1430,2018.0,Lie,1
1431,2018.0,Pills And Automobiles,0
1432,2018.0,ZEZE,0
1433,2018.0,Nowadays,0
1434,2018.0,That's On Me,0
1435,2018.0,Killshot,0
1436,2018.0,Codeine Dreaming,1
1437,2018.0,The Weekend,1
1438,2018.0,Wake Up In The Sky,2
1439,2018.0,Drip,0
1440,2018.0,No Smoke,0
1441,2018.0,1-800-273-8255,1
1442,2018.0,Smile ,0
1443,2018.0,Best Part,2
1444,2018.0,Kooda,0
1445,2018.0,W O R K I N M E,2
1446,2018.0,Mob Ties,0
1447,2018.0,Sativa,1
1448,2018.0,All Mine,0
1449,2018.0,Dangerous,0
1450,2018.0,Stargazing,1
1451,2018.0,Uproar,0
